{
    "strapdown": [
        -0.9996593594551086,
        0.024423930794000627,
        -0.009215012192726136,
        -0.024710439145565034,
        -0.9991710186004639,
        0.03234728053212166,
        -0.008417722769081593,
        0.03256377577781677,
        0.999434232711792
    ],
    "accel_affine": [
        -0.9716483354568481,
        0.023739736527204515,
        -0.008956819772720337,
        -0.18575076758861543,
        -0.024017976596951486,
        -0.9711740612983704,
        0.031440772116184238,
        0.08396824449300766,
        -0.008181863464415074,
        0.031651418656110767,
        0.9714297652244568,
        -0.3615553379058838,
        0.0,
        0.0,
        0.0,
        1.0
    ],
    "accel_fit_mean": 0.5315741896629334,
    "ax_calib": [
        0.00143437,
        -0.05403737,
        0.38982034
    ],
    "ay_calib": [
        0.00008942,
        -0.01162576,
        0.1645808
    ],
    "az_calib": [
        0.00107945,
        -0.03741683,
        0.09918926
    ],
    "mag_affine": [
        0.018885813,
        0.0004292972,
        -0.0007239565,
        -0.7764590971,
        0.0015074554,
        0.0186494739,
        -0.0034221953,
        0.1572258824,
        0.0003912382,
        -0.0008331876,
        0.0051209692,
        0.7139571187,
        0.0,
        0.0,
        0.0,
        1.0
    ],
    "max_temp_C": 36.3,
    "min_temp_C": 1.5
}
