{
    "strapdown": [
        -0.9997799396514893,
        0.01545045804232359,
        0.014175135642290116,
        -0.015498733147978783,
        -0.9998748302459717,
        -0.003299091709777713,
        0.014122146181762219,
        -0.0035179604310542347,
        0.9998939037322998
    ],
    "accel_affine": [
        -1.0003210306167603,
        0.016894686967134477,
        0.010000352747738362,
        -0.13684499263763429,
        -0.012866384349763394,
        -0.9279428124427795,
        0.003649625228717923,
        0.1324625015258789,
        0.01813983917236328,
        -0.010297916829586029,
        0.9952681064605713,
        -0.35963788628578188,
        0.0,
        0.0,
        0.0,
        1.0
    ],
    "accel_fit_mean": 0.2390897274017334
}